name,category,description
Ana,basic,Simple name
Juan Perez,basic,Name with space
Maria-Jose,basic,Name with hyphen
O'Connor,basic,Name with apostrophe
Jos√©,unicode,Name with accent
Mar√≠a,unicode,Name with accent
Fran√ßois,unicode,Name with accent
≈Åukasz,unicode,Name with Polish characters
" Ana",edge_case,Name with leading space
"Ana ",edge_case,Name with trailing space
Ana  Maria,edge_case,Name with double space
"",edge_case,Empty name
A,edge_case,Single character
John3,edge_case,Name with number
Ana*,edge_case,Name with special character
AnaüòÄ,unicode,Name with emoji
AAAAAAAAAAAAAAAAAAAAAAAAAAAAAAAAAAAAAAAAAAAAAAAAAAAAAAAAAAAAAAAAAAAAAAAAAAAAAAAAAAAAAAAAAAAAAAAAAAAAAAAAAAAAAAAAAAAAAAAAAAAAAAAAAAAAAAAAAAAAAAAAAAAAAAAAAAAAAAAAAAAA,edge_case,Very long name 